{
  "run_id": 580558024982741626,
  "rounds": 3,
  "total_clients": 3,
  "train_metrics": {
    "1": {
      "loss": 0.5611623033443703,
      "accuracy": 0.7041867180761023,
      "train_loss": 0.6137499691732828,
      "val_loss": 0.5611623033443703,
      "val_accuracy": 0.7041867180761023
    },
    "2": {
      "loss": 0.37449834153603345,
      "accuracy": 0.8295174852614033,
      "train_loss": 0.40213899279353515,
      "val_loss": 0.37449834153603345,
      "val_accuracy": 0.8295174852614033
    },
    "3": {
      "loss": 0.31465348758117834,
      "accuracy": 0.859408948225207,
      "train_loss": 0.3285066244208468,
      "val_loss": 0.31465348758117834,
      "val_accuracy": 0.859408948225207
    }
  },
  "evaluate_metrics": {
    "1": {
      "loss": 0.5268912017345428,
      "accuracy": 0.732824427480916
    },
    "2": {
      "loss": 0.4149012333816952,
      "accuracy": 0.8167938931297709
    },
    "3": {
      "loss": 0.28548960387706757,
      "accuracy": 0.8835877862595419
    }
  },
  "server_metrics": {
    "0": {
      "server_round": 0,
      "loss": 0.6755199233690897,
      "accuracy": 0.625,
      "num_examples": 624
    },
    "1": {
      "server_round": 1,
      "loss": 0.5238621234893799,
      "accuracy": 0.7548076923076923,
      "num_examples": 624
    },
    "2": {
      "server_round": 2,
      "loss": 0.396231085062027,
      "accuracy": 0.8333333333333334,
      "num_examples": 624
    },
    "3": {
      "server_round": 3,
      "loss": 0.3308191994825999,
      "accuracy": 0.8669871794871795,
      "num_examples": 624
    }
  },
  "checkpoint": "/outgoing/server_final.ckpt"
}